co_min,no2_min,o3_min,pm10_min,pm25_min,so2_min,co_max,no2_max,o3_max,pm10_max,pm25_max,so2_max,co_median,no2_median,o3_median,pm10_median,pm25_median,so2_median,co_variance,no2_variance,o3_variance,pm10_variance,pm25_variance,so2_variance,新增確診人數,累計確診人數,七天移動平均新增確診
1.0,0.5833333333333334,0.01734104046242775,1.0,1.0,0.0,0.26986301369863014,0.6045197740112994,0.784845650140318,0.14893617021276598,0.635036496350365,0.3677811550151976,0.9999999999999999,1.0,0.7575757575757575,0.7894736842105262,1.0,0.7741935483870968,0.39658241367034536,1.0,1.0000000000000002,0.18021761804643882,0.179871200354827,0.3060289347680585,0.0032258064516129032,0.0,0.0004340277777777778
0.30000000000000004,0.16666666666666666,0.36416184971098275,0.25,0.6399999999999999,0.0,0.1191780821917808,0.29378531073446323,0.8222637979420018,0.1276595744680851,0.39416058394160586,0.3586626139817629,0.5862068965517241,0.38125000000000003,0.7845117845117845,0.5526315789473685,0.807017543859649,0.3548387096774193,0.13343473898831676,0.28862031742326993,0.4454965361452602,0.18908158867096375,0.2945922271910009,0.14884415383823302,0.0032258064516129032,0.00020588840848260234,0.0013020833333333333
0.15,0.16666666666666666,0.08670520231213875,0.25,0.15999999999999998,0.0,0.2726027397260274,0.28248587570621464,0.3704396632366697,0.20851063829787234,0.27737226277372257,0.15957446808510642,0.3620689655172413,0.35000000000000003,0.7306397306397306,0.3157894736842105,0.43859649122807015,0.3548387096774193,0.3140554710508431,0.464253413467149,0.12003754332647758,0.26861055450815496,0.2389947205181237,0.12104206353292489,0.0,0.00020588840848260234,0.0013020833333333333
0.19999999999999998,0.5,0.04046242774566475,0.25,0.0,0.49999999999999994,0.5547945205479452,0.45197740112994345,0.8681010289990645,0.3319148936170213,0.7080291970802919,0.44376899696048633,0.6896551724137929,0.7562500000000001,0.47138047138047134,0.631578947368421,0.894736842105263,0.6774193548387097,0.5795980452441827,0.744303594351733,0.8862473423157656,0.7044487656575428,1.0,0.24373165834320132,0.0,0.00020588840848260234,0.0013020833333333333
0.19999999999999998,0.16666666666666666,0.01734104046242775,0.25,0.0,0.0,0.34383561643835614,0.3242937853107345,0.4153414405986903,0.27659574468085113,0.41605839416058393,0.1778115501519757,0.48275862068965514,0.5249999999999999,0.8720538720538719,0.6578947368421052,0.807017543859649,0.41935483870967744,0.2577429690281239,0.3518351032792625,0.4375744113861305,0.8575052561963894,0.43025313215873734,0.15461051330896364,0.0,0.00020588840848260234,0.0013020833333333333
0.55,0.16666666666666666,0.01734104046242775,0.25,0.15999999999999998,0.16666666666666663,0.36438356164383556,0.3627118644067796,0.6445275958840038,0.19574468085106386,0.48905109489051096,0.3115501519756839,0.4999999999999999,0.5687500000000001,0.8787878787878788,0.9999999999999999,0.9649122807017543,0.6129032258064515,0.49703873911777086,0.8406392227797876,0.26212575505393837,0.6938245039104786,0.4538224180058788,0.1465787983318746,0.0,0.00020588840848260234,0.0013020833333333333
0.6,0.16666666666666666,0.01734104046242775,0.25,0.15999999999999998,0.16666666666666663,0.4205479452054794,0.4203389830508474,0.6117867165575304,0.31063829787234043,1.0,0.547112462006079,0.8275862068965517,0.8125,0.3737373737373737,0.7368421052631579,0.9298245614035086,0.6129032258064515,0.5799216803132788,0.7319480102695763,0.4039785665028422,0.26973911498484837,0.24924368759329707,0.32476960304793284,0.0,0.00020588840848260234,0.0013020833333333333
0.5,0.41666666666666663,0.04046242774566475,0.25,0.15999999999999998,0.49999999999999994,0.1917808219178082,0.29378531073446323,0.23573433115060805,0.08936170212765959,0.29197080291970795,0.4908814589665654,0.5172413793103446,0.58125,0.3468013468013468,0.4736842105263158,0.7368421052631577,0.45161290322580633,0.2810446940030422,0.31434531450577663,0.10087505526625132,0.11638321044198112,0.14106438551504757,0.20686814601245945,0.0032258064516129032,0.00041177681696520467,0.0013020833333333333
0.55,0.5833333333333334,0.01734104046242775,0.25,0.32,0.0,0.1780821917808219,0.29378531073446323,0.5304022450888681,0.09361702127659577,0.27737226277372257,0.6671732522796353,0.5344827586206896,0.55,0.35690235690235683,0.39473684210526316,0.7017543859649122,0.6129032258064515,0.22444092041813657,0.2812974092659587,0.35631302804733966,0.06471948856139799,0.13278826908983388,0.3277042681357154,0.0,0.00041177681696520467,0.0004340277777777778
0.19999999999999998,0.16666666666666666,0.01734104046242775,0.5625,0.6399999999999999,0.6666666666666665,0.473972602739726,0.34576271186440677,0.5650140318054255,0.19574468085106386,0.41605839416058393,0.2811550151975684,0.4655172413793103,0.59375,0.3232323232323232,0.5526315789473685,0.7719298245614035,0.8387096774193548,0.37544904365837084,0.3745915509394328,0.33710527070277546,0.17294284482786987,0.1336069782636689,0.21737115790557587,0.0,0.00041177681696520467,0.0004340277777777778
0.19999999999999998,0.6666666666666666,0.01734104046242775,0.6875,0.15999999999999998,0.0,0.5315068493150685,0.3774011299435027,0.7137511693171188,0.17446808510638298,0.3576642335766423,0.71580547112462,0.5689655172413793,0.7375,0.3872053872053871,0.631578947368421,0.894736842105263,0.870967741935484,0.5323796886630636,0.5127567394094994,0.6719606579739583,0.1359076357151553,0.10294433254535888,0.7174483859342018,0.0032258064516129032,0.000617665225447807,0.0013020833333333333
0.19999999999999998,0.8333333333333334,0.06358381502890174,0.0625,0.48000000000000004,0.6666666666666665,0.2794520547945205,0.3977401129943503,0.6071094480823198,0.3319148936170213,0.4671532846715328,0.29635258358662614,0.5172413793103446,0.6499999999999999,0.31313131313131304,0.5263157894736842,0.7368421052631577,0.8387096774193548,0.3501407812550569,0.4043791574279379,0.4324182399000455,0.17183402593385916,0.16536812502881382,0.3118982649436235,0.0032258064516129032,0.0008235536339304098,0.0017361111111111112
0.19999999999999998,0.9166666666666666,0.01734104046242775,0.5625,0.8,0.49999999999999994,0.36986301369863006,0.3039548022598869,0.4237605238540691,0.4553191489361703,0.8394160583941606,0.8480243161094225,0.4655172413793103,0.675,0.2727272727272727,0.4736842105263158,0.7368421052631577,0.7741935483870968,0.35512476131913656,0.42394094993581516,0.2648539839233682,0.1427546746422661,0.08939509315002726,1.0,0.0064516129032258064,0.0012353304508956144,0.0030381944444444445
0.19999999999999998,0.16666666666666666,0.01734104046242775,0.6875,0.32,0.49999999999999994,0.30273972602739724,0.35593220338983045,0.7352666043030871,0.3148936170212766,0.7883211678832116,0.43465045592705165,0.5344827586206896,0.7562500000000001,0.35016835016835013,0.5526315789473685,0.807017543859649,0.7419354838709677,0.31195184310171853,0.44822908157311236,0.44351223251511623,0.26294472027822474,0.3036314123607598,0.3848015239664316,0.01935483870967742,0.002470660901791229,0.006944444444444445
0.0,0.16666666666666666,0.01734104046242775,0.625,0.48000000000000004,0.16666666666666663,0.14383561643835613,1.0,0.8119738072965386,0.12340425531914898,0.30656934306569344,0.21276595744680854,0.4482758620689655,0.58125,0.3367003367003366,0.5526315789473685,0.7719298245614035,0.7419354838709677,0.13680054370691608,0.45884146341463417,0.5197668330061371,0.13575628358125474,0.10455313581510846,0.18045616022241673,0.27741935483870966,0.020177064031295038,0.05946180555555555
0.19999999999999998,0.41666666666666663,0.04046242774566475,0.6875,0.15999999999999998,0.16666666666666663,0.09315068493150683,0.24067796610169492,0.5781103835360148,0.3021276595744681,0.2627737226277372,0.2264437689969605,0.3620689655172413,0.39999999999999997,0.49831649831649827,0.5526315789473685,0.7368421052631577,0.6774193548387097,0.11446972393928607,0.20545717119850626,0.4164004581251576,0.1445215462923663,0.09827212621157032,0.13103022190186892,0.3,0.03932468602017706,0.1171875
0.15,0.16666666666666666,0.13294797687861273,0.25,0.48000000000000004,0.16666666666666663,0.33698630136986296,0.3152542372881355,0.45182413470533195,0.1276595744680851,0.5255474452554745,0.14589665653495443,0.34482758620689646,0.51875,0.42087542087542085,0.4473684210526315,0.6666666666666665,0.7419354838709677,0.27088255283342505,0.2749445676274945,0.26657270775206315,0.0745672480562767,0.07960873650123441,0.20722854347938013,0.5096774193548387,0.07185505456042825,0.2152777777777778
0.19999999999999998,0.5833333333333334,0.13294797687861273,0.25,0.32,0.0,0.3410958904109589,0.34576271186440677,0.36482694106641717,0.07659574468085109,0.2627737226277372,0.24164133738601823,0.34482758620689646,0.5249999999999999,0.29966329966329963,0.368421052631579,0.6666666666666665,0.6451612903225805,0.3147674682028545,0.38445267825884005,0.18054295979634863,0.1044527139740793,0.12505106996545523,0.13535499150491687,0.33225806451612905,0.0930615606341363,0.2782118055555555
0.19999999999999998,0.41666666666666663,0.04046242774566475,0.5625,0.0,0.0,0.4356164383561643,0.4090395480225989,0.548175865294668,0.12340425531914898,0.5401459854014599,0.2629179331306991,0.4655172413793103,0.58125,0.3232323232323232,0.5,0.7719298245614035,0.5483870967741935,0.36855561668662423,0.33192321157661336,0.43093944327834127,0.17033695591375564,0.24983824532342197,0.25104257838644906,0.22580645161290322,0.10747374922791847,0.3211805555555556
0.15,0.16666666666666666,0.04046242774566475,0.6875,0.32,0.0,0.6273972602739726,0.2926553672316383,0.7474275023386343,0.14042553191489363,0.29197080291970795,0.4088145896656535,0.3793103448275861,0.5375000000000001,0.19191919191919188,0.4736842105263158,0.7017543859649122,0.7419354838709677,0.44771675458752713,0.3129084490605672,0.5003976152141012,0.11801518127708298,0.12759940162692612,0.33697163157081805,0.26129032258064516,0.12415071031500927,0.3702256944444445
0.1,0.16666666666666666,0.04046242774566475,0.25,0.6399999999999999,0.0,0.2657534246575342,0.28248587570621464,0.30963517305893357,0.17446808510638298,0.21897810218978103,0.1656534954407295,0.4137931034482758,0.6375,0.35016835016835013,0.4473684210526315,0.6666666666666665,0.6451612903225805,0.29321337260105507,0.3053156727739526,0.17697423121437877,0.12101261158107048,0.07324029193738386,0.14668176903670904,0.4032258064516129,0.14988676137533458,0.4440104166666667
0.19999999999999998,0.41666666666666663,0.08670520231213875,0.25,0.48000000000000004,0.0,0.1246575342465753,0.10282485875706213,0.23386342376052383,0.11489361702127662,0.19708029197080285,0.09878419452887541,0.31034482758620685,0.35000000000000003,0.4107744107744108,0.39473684210526316,0.631578947368421,0.5483870967741935,0.10278649794491733,0.07821070136538688,0.13307811516807735,0.07299450196922287,0.009290361964838414,0.10214693919579879,0.8516129032258064,0.2042413012147416,0.5542534722222222
0.19999999999999998,0.16666666666666666,0.17919075144508675,0.25,0.48000000000000004,0.0,0.05616438356164383,0.11525423728813558,0.5014031805425632,0.11063829787234045,0.32116788321167883,0.18237082066869303,0.2413793103448275,0.26875,0.6195286195286195,0.42105263157894735,0.7017543859649122,0.5483870967741935,0.08116767532929868,0.0816241685144124,0.2671853520667692,0.08545144064199627,0.10480113315708565,0.13772331771610974,0.5290322580645161,0.23800700020588839,0.5985243055555556
0.19999999999999998,0.16666666666666666,0.069364161849711,0.25,0.15999999999999998,0.0,0.3410958904109589,0.22937853107344633,0.3573433115060804,0.14893617021276598,0.18248175182481746,0.24164133738601823,0.293103448275862,0.39999999999999997,0.5185185185185185,0.3421052631578948,0.631578947368421,0.6451612903225805,0.21589695459399982,0.18914838370871748,0.2810302081934387,0.17658187656904456,0.16696103103305204,0.1703650311486382,0.7903225806451613,0.288449660284126,0.6523437500000001
0.19999999999999998,0.16666666666666666,1.0,0.25,0.15999999999999998,1.0,0.04794520547945205,0.17627118644067793,0.38727782974742747,0.16595744680851063,0.29197080291970795,0.13981762917933133,0.1896551724137931,0.29375,0.9427609427609426,0.15789473684210528,0.2982456140350877,0.8387096774193548,0.0035276222531473583,0.1574352316489672,0.05625463067054373,0.09133114201765556,0.11225377122881093,0.09988158368944036,0.632258064516129,0.3288037883467161,0.7100694444444444
0.19999999999999998,0.41666666666666663,0.1734104046242775,0.25,0.15999999999999998,1.0,0.22876712328767118,0.3163841807909604,0.6473339569691301,0.11489361702127662,0.29197080291970795,0.24316109422492405,0.293103448275862,0.49374999999999997,0.5218855218855218,0.26315789473684215,0.43859649122807015,1.0,0.2710443703679731,0.329166180417785,0.5127244413393071,0.2742928400569874,0.5258640561237061,0.2751892086701333,1.0,0.3926291949763228,0.8589409722222223
0.19999999999999998,0.16666666666666666,0.11560693641618501,0.25,0.15999999999999998,1.0,0.32328767123287666,0.30960451977401127,0.5173058933582786,0.4,0.1532846715328467,0.10486322188449848,0.1896551724137931,0.39375,0.37037037037037024,0.2894736842105263,0.43859649122807015,0.7741935483870968,0.2728243632480016,0.17443692379507525,0.2136136809813174,0.3147762456116107,0.1166541343223552,0.0766102043968491,0.7193548387096774,0.43854231006794314,0.9466145833333334
0.19999999999999998,0.41666666666666663,0.1502890173410405,0.25,0.15999999999999998,1.0,0.2191780821917808,0.17288135593220336,0.5116931711880262,0.16595744680851063,0.0948905109489051,0.21580547112462006,0.17241379310344823,0.37500000000000006,0.5521885521885522,0.2894736842105263,0.43859649122807015,0.9354838709677418,0.10628175669115507,0.11186398646283113,0.2328335101350383,0.25702882600098054,0.03521085338110992,0.10590536992225712,0.6806451612903226,0.48198476425777226,1.0
0.19999999999999998,0.5,0.2658959537572255,0.25,0.15999999999999998,0.0,0.05753424657534245,0.19887005649717512,0.29186155285313375,0.11063829787234045,0.10948905109489043,0.16261398176291794,0.1896551724137931,0.40625000000000006,0.6026936026936027,0.21052631578947364,0.3684210526315789,0.7419354838709677,0.03323732159616817,0.23566781421402727,0.11336937774350726,0.04037153658608812,0.07811598326971776,0.1732482108840035,0.5451612903225806,0.5167799052913321,0.9414062500000001
0.19999999999999998,0.16666666666666666,0.31791907514450873,0.0,0.0,0.0,0.14520547945205475,0.19887005649717512,0.2637979420018709,0.008510638297872353,0.10948905109489043,0.18541033434650459,0.27586206896551724,0.29375,0.606060606060606,0.07894736842105263,0.14035087719298245,0.5161290322580645,0.11880643386517366,0.16594701832185785,0.06589246130607922,0.03643638110467316,0.14216606601498477,0.14688771044637805,0.2645161290322581,0.5336627547869055,0.8901909722222222
0.5,0.16666666666666666,0.22543352601156075,0.0,0.0,0.0,0.3,0.3242937853107345,0.3470533208606174,0.046808510638297884,0.10948905109489043,0.135258358662614,0.4655172413793103,0.58125,0.6734006734006733,0.052631578947368446,0.14035087719298245,0.45161290322580633,0.39354024402084214,0.5595606255105613,0.13008430649719863,0.059112879079515804,0.1384540545180824,0.0835092416207589,0.3903225806451613,0.5585752522133004,0.8133680555555556
0.5,0.41666666666666663,0.01734104046242775,0.25,0.0,0.16666666666666663,0.37808219178082186,0.32881355932203393,0.6454630495790459,0.08085106382978724,0.2481751824817518,0.2370820668693009,0.5517241379310344,0.66875,0.3434343434343434,0.21052631578947364,0.22807017543859648,0.5483870967741935,0.3496876921583223,0.34463618858676626,0.5051161836182533,0.09043948053315436,0.2761370916588638,0.20753745559388354,0.2870967741935484,0.576899320568252,0.7469618055555556
0.19999999999999998,0.16666666666666666,0.04046242774566475,0.25,0.0,0.16666666666666663,0.43287671232876707,0.30508474576271183,0.6501403180542562,0.09787234042553192,0.32116788321167883,0.20668693009118538,0.5172413793103446,0.575,0.2828282828282828,0.2894736842105263,0.2982456140350877,0.6129032258064515,0.48286352309136216,0.33532938499241455,0.38759410352481743,0.09906655216548711,0.22405764984365045,0.13077279513978274,0.47096774193548385,0.6069590282067119,0.6453993055555556
0.19999999999999998,0.6666666666666666,0.04046242774566475,0.25,0.0,0.0,0.37260273972602737,0.43050847457627117,0.6707202993451824,0.11489361702127662,0.4671532846715328,0.42097264437689974,0.4137931034482758,0.47500000000000003,0.29292929292929293,0.368421052631579,0.43859649122807015,0.6129032258064515,0.4753875529952426,0.32853891936048546,0.6389578407154963,0.1547411055944355,0.30313064849715204,0.2889872831179529,0.7129032258064516,0.6524603664813671,0.6440972222222223
0.19999999999999998,0.16666666666666666,0.04046242774566475,0.1875,0.0,0.16666666666666663,0.33698630136986296,0.22033898305084745,0.29653882132834425,0.1021276595744681,0.19708029197080285,0.2507598784194529,0.4482758620689655,0.5625,0.14478114478114473,0.2894736842105263,0.43859649122807015,0.6129032258064515,0.2925661024628629,0.19723713385459213,0.152866828328311,0.2399852596182636,0.25419250634698326,0.2234464294908099,0.46774193548387094,0.6823141857113444,0.6032986111111112
0.55,0.16666666666666666,0.07514450867052025,0.0,0.0,0.0,0.12191780821917805,0.24067796610169492,0.42937324602432175,0.05106382978723406,0.043795620437956206,0.15653495440729484,0.3275862068965517,0.35000000000000003,0.7811447811447811,0.07894736842105263,0.07017543859649122,0.3225806451612902,0.1160878992847665,0.2139762516046213,0.29294659280731433,0.03554142935639153,0.11616926772425877,0.12778664469958295,0.4483870967741935,0.7109326744904262,0.5846354166666666
0.6,0.16666666666666666,0.7803468208092487,0.0,0.0,0.0,0.0465753424657534,0.16836158192090397,0.4331150608044901,0.02553191489361703,0.0,0.10030395136778117,0.293103448275862,0.23125,1.0,0.02631578947368421,0.0,0.41935483870967744,0.03660312631476746,0.14208192321157662,0.0704993654755312,0.0060507950922425585,0.07484591575403114,0.08417855120218298,0.20967741935483872,0.7243154210417954,0.5742187500000001
0.6,0.16666666666666666,0.08670520231213875,0.1875,0.0,0.0,0.37123287671232874,0.3039548022598869,0.5360149672591206,0.1021276595744681,0.07299270072992697,0.21276595744680854,0.4137931034482758,0.44375000000000003,0.7037037037037037,0.10526315789473681,0.14035087719298245,0.6129032258064515,0.3407553642512703,0.38071099311471585,0.16146044747178595,0.07899923336853919,0.23091255073214856,0.1625907429336354,0.19032258064516128,0.7364628371422689,0.5355902777777778
0.19999999999999998,0.16666666666666666,0.01734104046242775,0.25,0.0,0.16666666666666663,0.33561643835616434,0.3355932203389831,0.45182413470533195,0.1021276595744681,0.2627737226277372,0.21276595744680854,0.4999999999999999,0.49374999999999997,0.35016835016835013,0.2894736842105263,0.43859649122807015,0.6774193548387097,0.2477426453930548,0.2747695180301085,0.25454314992734284,0.09723387523977799,0.2562209974262327,0.20439684909643208,0.17419354838709677,0.7475808112003294,0.513888888888889
0.19999999999999998,0.16666666666666666,0.08670520231213875,0.25,0.0,0.16666666666666663,0.1835616438356164,0.19887005649717512,0.3910196445275959,0.14893617021276598,0.21897810218978103,0.2325227963525836,0.3793103448275861,0.40625000000000006,0.202020202020202,0.3157894736842105,0.5087719298245614,0.5483870967741935,0.18100909414544164,0.16504259540203056,0.23422931306878977,0.20097918250106112,0.3062226666391114,0.17350563764608967,0.1935483870967742,0.7599341157092855,0.4605034722222222
0.19999999999999998,0.16666666666666666,0.04046242774566475,0.25,0.0,0.0,0.3068493150684931,0.2666666666666666,0.5603367633302152,0.22978723404255322,0.1386861313868613,0.11702127659574468,0.34482758620689646,0.35000000000000003,0.24242424242424238,0.23684210526315788,0.22807017543859648,0.5483870967741935,0.21440823327615782,0.1329428754813864,0.38407064422718545,0.13769753921171862,0.20196204050941197,0.1087885496576224,0.18387096774193548,0.7716697549927939,0.35894097222222227
0.19999999999999998,0.16666666666666666,0.04046242774566475,0.25,0.0,0.49999999999999994,0.21232876712328763,0.24067796610169492,0.3573433115060804,0.11914893617021277,0.12408759124087593,0.2993920972644377,0.27586206896551724,0.35000000000000003,0.29966329966329963,0.23684210526315788,0.3684210526315789,0.6451612903225805,0.19256286611217194,0.17783580347765202,0.30014591799318247,0.0808582324044919,0.24066552312336753,0.18987797971477116,0.15161290322580645,0.7813465101914762,0.29817708333333337
0.19999999999999998,0.16666666666666666,0.08670520231213875,0.25,0.0,0.16666666666666663,0.10273972602739725,0.1536723163841808,0.5453695042095414,0.13617021276595745,0.6131386861313868,0.3890577507598784,0.31034482758620685,0.35625,0.569023569023569,0.3421052631578948,0.5789473684210527,0.6129032258064515,0.08848182789087027,0.1106678142140273,0.36164574974234237,0.11521516679992237,0.15335933066153296,0.36410441229470214,0.2161290322580645,0.7951410335598106,0.2534722222222222
0.19999999999999998,0.16666666666666666,0.1271676300578035,0.25,0.0,0.16666666666666663,0.0917808219178082,0.09491525423728811,0.2591206735266604,0.06808510638297874,0.2481751824817518,0.35410334346504563,0.293103448275862,0.275,0.404040404040404,0.23684210526315788,0.3684210526315789,0.6129032258064515,0.039807113498818755,0.07099719920644182,0.16482093734580155,0.058787142965251546,0.16048607479027532,0.39489265304021004,0.2032258064516129,0.8081120032942145,0.2521701388888889
0.19999999999999998,0.16666666666666666,0.17919075144508675,0.25,0.15999999999999998,0.16666666666666663,0.1150684931506849,0.07457627118644067,0.2722170252572497,0.11914893617021277,0.1532846715328467,0.18693009118541035,0.2241379310344827,0.26875,0.2962962962962963,0.2894736842105263,0.5087719298245614,0.7741935483870968,0.05954885271368006,0.04619850624343564,0.17168979675600313,0.0658842419396763,0.10546722858201162,0.1584719147402564,0.12903225806451613,0.8163475396335186,0.2404513888888889
0.19999999999999998,0.16666666666666666,0.17919075144508675,0.25,0.0,0.49999999999999994,0.29589041095890406,0.14350282485875707,0.22825070159027128,0.25531914893617025,0.10948905109489043,0.12613981762917933,0.2413793103448275,0.29375,0.36363636363636354,0.2894736842105263,0.3684210526315789,0.6129032258064515,0.2680345642253795,0.11862527716186252,0.10729122183307406,0.18313279175591507,0.09602584259481527,0.12835298357617259,0.08709677419354839,0.8219065266625488,0.22395833333333334
0.19999999999999998,0.75,0.2716763005780347,0.25,0.0,0.16666666666666663,0.34383561643835614,0.09943502824858755,0.1927034611786716,0.2936170212765957,0.7883211678832116,0.3069908814589666,0.17241379310344823,0.29375,0.3400673400673401,0.3157894736842105,0.2982456140350877,0.5483870967741935,0.18524871355060035,0.05304732174116001,0.06687933170464508,0.2240899952949228,0.16417106093580847,0.15620655923389792,0.16451612903225807,0.8324068354951616,0.2183159722222222
0.19999999999999998,0.16666666666666666,0.208092485549133,0.25,0.15999999999999998,0.49999999999999994,0.34520547945205476,0.17740112994350285,0.36482694106641717,0.27659574468085113,0.18248175182481746,0.3237082066869301,0.2241379310344827,0.29375,0.38383838383838387,0.368421052631579,0.43859649122807015,0.5483870967741935,0.2096184342535357,0.1124912475201307,0.19747367213871722,0.2177562375175618,0.14621192008762574,0.12279256551511096,0.11935483870967742,0.8400247066090178,0.20572916666666666
0.19999999999999998,0.41666666666666663,0.3352601156069365,0.25,0.0,0.49999999999999994,0.3,0.24067796610169492,0.2768942937324602,0.16595744680851063,0.30656934306569344,0.6428571428571428,0.27586206896551724,0.29375,0.404040404040404,0.3421052631578948,0.3684210526315789,0.6129032258064515,0.2799443347681155,0.15515958688295015,0.1715434260699773,0.20752680742415125,0.1565069892327821,0.7126087628069815,0.22903225806451613,0.8546427836112827,0.2209201388888889
0.19999999999999998,0.16666666666666666,0.41618497109826597,0.25,0.0,0.49999999999999994,0.23972602739726023,0.111864406779661,0.27034611786716556,0.4212765957446809,0.1386861313868613,1.0,0.17241379310344823,0.20625,0.48484848484848486,0.2894736842105263,0.2982456140350877,0.5161290322580645,0.1815916372698146,0.06041399229781772,0.08856030095020229,0.25184666054677607,0.09240444551132761,0.6281727848427123,0.0935483870967742,0.8606135474572781,0.1970486111111111
0.19999999999999998,0.6666666666666666,0.22543352601156075,0.25,0.15999999999999998,0.49999999999999994,0.07123287671232875,0.053107344632768366,0.2507015902712816,0.3531914893617022,0.12408759124087593,0.3890577507598784,0.1896551724137931,0.13125000000000003,0.46464646464646464,0.26315789473684215,0.3684210526315789,0.5483870967741935,0.04831871581604581,0.018511494923561675,0.10474859702942957,0.1108687283459515,0.09085287239741892,0.15152139216392935,0.1032258064516129,0.8672019765287213,0.1779513888888889
0.19999999999999998,0.8333333333333334,0.2716763005780347,0.25,0.15999999999999998,0.16666666666666663,0.17123287671232873,0.19999999999999998,0.23292797006548177,0.22978723404255322,0.7299270072992701,0.1778115501519757,0.31034482758620685,0.29375,0.4309764309764309,0.3157894736842105,0.43859649122807015,0.5161290322580645,0.17311239845949705,0.13475172132104096,0.06296806553785192,0.12562556140125752,0.22774581544228578,0.10137465890954024,0.06774193548387097,0.871525633106856,0.1662326388888889
0.19999999999999998,0.16666666666666666,0.1965317919075145,0.25,0.0,0.16666666666666663,0.14520547945205475,0.23389830508474577,0.23666978484565016,0.27234042553191495,0.1386861313868613,0.13069908814589667,0.39655172413793094,0.41875,0.4377104377104376,0.26315789473684215,0.3684210526315789,0.6451612903225805,0.1879348846240979,0.27595839654568793,0.10528126560847201,0.1778584989158581,0.24348728775163386,0.11028162487772229,0.07741935483870968,0.8764669549104385,0.1644965277777778
0.5,0.16666666666666666,0.31791907514450873,0.25,0.0,0.49999999999999994,0.32328767123287666,0.2384180790960452,0.2600561272217025,0.09361702127659577,0.1386861313868613,0.1291793313069909,0.34482758620689646,0.40625000000000006,0.7138047138047138,0.13157894736842105,0.22807017543859648,0.5161290322580645,0.2937311887116088,0.27071420235733457,0.052258861839653184,0.10974345813303853,0.17626411081029952,0.09596869690573032,0.07096774193548387,0.8809964998970558,0.14626736111111113
0.19999999999999998,0.16666666666666666,0.08670520231213875,0.125,0.0,0.0,0.526027397260274,0.351412429378531,0.31992516370439655,0.09787234042553192,0.12408759124087593,0.1474164133738602,0.4482758620689655,0.5249999999999999,0.5521885521885522,0.2894736842105263,0.2982456140350877,0.45161290322580633,0.7498300915887245,0.4562230131870697,0.16188145181612829,0.1714918385006926,0.24325836712827026,0.11589352829120116,0.11290322580645161,0.8882025941939469,0.1449652777777778
0.19999999999999998,0.16666666666666666,0.17919075144508675,0.25,0.15999999999999998,0.16666666666666663,0.2383561643835616,0.29604519774011295,0.3470533208606174,0.08936170212765959,0.12408759124087593,0.18237082066869303,0.5689655172413793,0.6375,0.4309764309764309,0.2894736842105263,0.43859649122807015,0.5161290322580645,0.31250202271918187,0.36295075271326876,0.16704064125450246,0.1349402981637038,0.16536971475536494,0.14935900736240537,0.06129032258064516,0.8921144739551162,0.11284722222222222
0.5,0.5,0.17919075144508675,0.25,0.0,0.0,0.2246575342465753,0.12090395480225988,0.34144059869036475,0.09787234042553192,0.1532846715328467,0.09118541033434652,0.4137931034482758,0.35000000000000003,0.404040404040404,0.2894736842105263,0.3684210526315789,0.41935483870967744,0.20456972717563682,0.12133854592134438,0.18732128063787443,0.07997973197511245,0.12727668713704554,0.07805179426453174,0.0967741935483871,0.8982911262095944,0.11328125000000001
0.19999999999999998,0.5,0.08670520231213875,0.25,0.0,0.16666666666666663,0.1506849315068493,0.09039548022598867,0.26847521047708134,0.27234042553191495,0.27737226277372257,0.11550151975683892,0.2413793103448275,0.1875,0.39057239057239057,0.23684210526315788,0.2982456140350877,0.41935483870967744,0.17375966859768927,0.06200402614073989,0.12325920739519029,0.14287641440214266,0.11755074009719589,0.07177058126962879,0.1064516129032258,0.9050854436895203,0.11414930555555557
0.19999999999999998,0.5833333333333334,0.04046242774566475,0.1875,0.0,0.16666666666666663,0.26986301369863014,0.09491525423728811,0.2104770813844714,0.27234042553191495,0.043795620437956206,0.07598784194528876,0.2241379310344827,0.2375,0.26936026936026936,0.18421052631578946,0.14035087719298245,0.5161290322580645,0.26907019644648694,0.10969774769518029,0.06057633834866705,0.07248451108325356,0.07451684235794602,0.06584976574164651,0.07096774193548387,0.9096149886761374,0.11458333333333333
0.19999999999999998,0.16666666666666666,0.04046242774566475,0.25,0.0,0.16666666666666663,0.12191780821917805,0.12768361581920903,0.17773620205799806,0.07234042553191491,0.0948905109489051,0.13069908814589667,0.2413793103448275,0.29375,0.3737373737373737,0.23684210526315788,0.2982456140350877,0.45161290322580633,0.1834363571636623,0.09872797292566227,0.06772284936947433,0.07179355568935965,0.08176440570457476,0.07470524635741131,0.06451612903225806,0.9137327568457896,0.11241319444444445
0.0,0.16666666666666666,0.13294797687861273,0.25,0.15999999999999998,0.49999999999999994,0.4041095890410958,0.19322033898305083,0.2591206735266604,0.11063829787234045,0.18248175182481746,0.16717325227963528,0.293103448275862,0.35000000000000003,0.30639730639730633,0.42105263157894735,0.5087719298245614,0.6451612903225805,0.3575843878442668,0.1507322908157311,0.15278081668806903,0.20480575927772132,0.16313932840412126,0.11960047366524222,0.06451612903225806,0.9178505250154416,0.11111111111111112
0.15,0.08333333333333334,0.13294797687861273,0.0625,0.32,0.16666666666666663,0.34383561643835614,0.23502824858757063,0.42843779232927964,0.348936170212766,0.21897810218978103,0.2021276595744681,0.27586206896551724,0.35625,0.24242424242424238,0.39473684210526316,0.5087719298245614,0.6129032258064515,0.3578432958995437,0.14230802894153344,0.24661951619206854,0.1989425092209643,0.0862029222353463,0.16830561705194874,0.05806451612903226,0.9215565163681284,0.10026041666666667
0.24999999999999997,0.0,0.13294797687861273,0.1875,0.32,0.16666666666666663,0.36712328767123287,0.20112994350282484,0.5958840037418147,0.14893617021276598,0.23357664233576642,0.24164133738601823,0.293103448275862,0.35000000000000003,0.2828282828282828,0.39473684210526316,0.5087719298245614,0.6451612903225805,0.3009806142593612,0.14022931497257557,0.34172122872909505,0.1752229976277198,0.08175009816561453,0.1918859084590434,0.0935483870967742,0.9275272802141239,0.10677083333333334
0.35,0.25,0.04046242774566475,0.75,0.6399999999999999,0.16666666666666663,0.17945205479452053,0.19887005649717512,0.7577174929840973,0.22978723404255322,0.21897810218978103,0.317629179331307,0.3275862068965517,0.37500000000000006,0.41414141414141403,0.4736842105263158,0.6666666666666665,0.6451612903225805,0.17922910126541314,0.11713735558408217,0.7234605048128796,0.1462982887338078,0.0731051651805373,0.18019873346033055,0.15483870967741936,0.9374099238212888,0.11762152777777779
0.24999999999999997,0.0,0.04046242774566475,0.5,0.32,0.0,0.32191780821917804,0.06666666666666665,0.333021515434986,0.11063829787234045,0.30656934306569344,0.09422492401215807,0.293103448275862,0.23125,0.40740740740740733,0.39473684210526316,0.6666666666666665,0.5483870967741935,0.2335674293666462,0.04223800910257907,0.20130948949828056,0.1151197491502894,0.12394779973896693,0.10446378005457448,0.054838709677419356,0.9409100267654931,0.10807291666666667
0.1,0.0,0.10982658959537575,0.0,0.0,0.0,1.0,0.1175141242937853,0.2890551917680075,0.48510638297872344,0.1386861313868613,0.06838905775075987,0.13793103448275856,0.11875000000000002,0.12794612794612792,0.18421052631578946,0.22807017543859648,0.41935483870967744,0.8078902229845626,0.07461489088575096,0.1297432778885199,0.2691205453941243,0.12799842299126124,0.0763527776347629,0.04516129032258064,0.9437924644842495,0.10286458333333333
0.0,0.0,0.08670520231213875,0.0,0.0,0.16666666666666663,0.136986301369863,0.1887005649717514,0.7436856875584659,1.0,0.751824817518248,0.09422492401215807,0.2241379310344827,0.23125,0.1717171717171717,0.3157894736842105,0.5789473684210527,0.3225806451612902,0.2096184342535357,0.29816781421402727,0.29878482151075675,1.0,0.5449360055576841,0.11985790042732843,0.041935483870967745,0.9464690137945233,0.09852430555555555
0.19999999999999998,0.5833333333333334,0.052023121387283246,0.0625,0.48000000000000004,0.0,0.26712328767123283,0.20790960451977394,0.5406922357343311,0.1446808510638298,0.635036496350365,0.2325227963525836,0.3620689655172413,0.5249999999999999,0.26936026936026936,0.368421052631579,0.6666666666666665,0.2903225806451613,0.25463607236480146,0.2219118333527833,0.32404659114744055,0.11658720679636887,0.1418592487906155,0.2645317407197652,0.04516129032258064,0.9493514515132797,0.09505208333333333
0.15,0.41666666666666663,0.034682080924855495,0.125,0.0,0.0,0.6191780821917807,0.27231638418079096,0.5622076707202994,0.11489361702127662,0.29197080291970795,0.2933130699088146,0.3793103448275861,0.5249999999999999,0.3232323232323232,0.42105263157894735,0.7017543859649122,0.3225806451612902,0.549046894721512,0.19933043528999883,0.38404650060887197,0.1466832495961201,0.17731015088094698,0.2233434587859754,0.03870967741935484,0.951822112415071,0.09114583333333334
0.15,0.08333333333333334,0.04046242774566475,0.0625,0.48000000000000004,0.0,0.46575342465753417,0.28248587570621464,0.5360149672591206,0.13191489361702127,0.16788321167883208,0.2629179331306991,0.31034482758620685,0.5249999999999999,0.3400673400673401,0.3421052631578948,0.5087719298245614,0.45161290322580633,0.2484222790381566,0.2256243435640098,0.36052458046690744,0.14285009229189904,0.08529995755430107,0.49384750038614017,0.06129032258064516,0.9557339921762404,0.08506944444444445
0.1,0.0,0.01734104046242775,0.1875,0.48000000000000004,0.0,0.13287671232876713,0.1344632768361582,0.5257249766136576,0.1276595744680851,0.30656934306569344,0.1656534954407295,0.31034482758620685,0.46249999999999997,0.2727272727272727,0.3421052631578948,0.5789473684210527,0.45161290322580633,0.0889672804945144,0.09980744544287548,0.29586042574252946,0.1588802574302382,0.20527503064197927,0.20053544766513925,0.03870967741935484,0.9582046530780316,0.0625
0.1,0.25,0.06358381502890174,0.1875,0.15999999999999998,0.0,0.1150684931506849,0.11525423728813558,0.500467726847521,0.17872340425531916,0.16788321167883208,0.19300911854103345,0.2413793103448275,0.25625000000000003,0.4309764309764309,0.23684210526315788,0.43859649122807015,0.3225806451612902,0.08654001747629374,0.054878048780487805,0.3284150770860464,0.11725842060758014,0.13009209285910733,0.11754105956855275,0.035483870967741936,0.9604694255713403,0.059027777777777776
0.1,0.25,0.08670520231213875,0.0,0.0,0.0,0.30821917808219174,0.2214689265536723,0.45182413470533195,0.2340425531914894,0.6861313868613137,0.1899696048632219,0.27586206896551724,0.40625000000000006,0.35016835016835013,0.3157894736842105,0.5087719298245614,0.2258064516129032,0.2869995792744102,0.2032909324308554,0.2469333832301446,0.15878154951682477,0.17964704891111682,0.2481079132986665,0.02903225806451613,0.9623224212476837,0.055989583333333336
0.15,0.6666666666666666,0.08670520231213875,0.125,0.15999999999999998,0.0,0.36438356164383556,0.28135593220338984,0.7595884003741815,0.2936170212765957,0.27737226277372257,0.20060790273556234,0.31034482758620685,0.46249999999999997,0.2727272727272727,0.2894736842105263,0.5087719298245614,0.2258064516129032,0.2936988252046992,0.20197806045046093,0.40588893030190093,0.28112342766519594,0.2634765094056172,0.12778664469958295,0.02258064516129032,0.963763640107062,0.052083333333333336
0.04999999999999999,0.0,0.04046242774566475,0.0,0.0,0.0,0.30821917808219174,0.1401129943502825,0.4761459307764266,0.2638297872340426,0.0948905109489051,0.2386018237082067,0.27586206896551724,0.29375,0.12121212121212122,0.13157894736842105,0.22807017543859648,0.1935483870967742,0.28683776173986214,0.15127932080756212,0.17051279536321814,0.16296676504555374,0.11296914817682209,0.11470936518560469,0.02903225806451613,0.9656166357834053,0.049045138888888895
0.04999999999999999,0.08333333333333334,0.057803468208092505,0.0,0.0,0.0,0.1780821917808219,0.055367231638418085,0.31992516370439655,0.4595744680851064,0.1386861313868613,0.20060790273556234,0.10344827586206895,0.1375,0.16835016835016836,0.0,0.07017543859649122,0.09677419354838707,0.15036085310204217,0.03476922628077956,0.029903380257461514,0.14340285660701418,0.07777578178777468,0.046594243937599755,0.02903225806451613,0.9674696314597487,0.04730902777777778
0.0,0.08333333333333334,0.08670520231213875,0.0,0.0,0.0,0.35068493150684926,0.1468926553672316,0.4452759588400374,0.17872340425531916,0.18248175182481746,0.05623100303951368,0.10344827586206895,0.125,0.1077441077441077,0.02631578947368421,0.14035087719298245,0.09677419354838707,0.25010518139745624,0.038985004084490606,0.13790683883078497,0.10482451378126985,0.23781673314373192,0.03567934922514544,0.041935483870967745,0.9701461807700226,0.043402777777777776
0.04999999999999999,0.0,0.13294797687861273,0.0,0.0,0.0,0.03424657534246575,0.06327683615819207,0.12441534144059868,0.09787234042553192,0.014598540145985384,0.08966565349544073,0.05172413793103442,0.11875000000000002,0.3939393939393939,0.052631578947368446,0.14035087719298245,0.032258064516129004,0.06136120910061814,0.025549947485120787,0.04666056034320154,0.045227965926028305,0.07453273962345737,0.054780414971940486,0.0032258064516129032,0.9703520691785051,0.036458333333333336
0.1,0.08333333333333334,0.5028901734104048,0.125,0.0,0.0,0.0465753424657534,0.053107344632768366,0.2020579981290926,0.03829787234042553,0.043795620437956206,0.13221884498480244,0.03448275862068961,0.08124999999999999,0.5252525252525252,0.052631578947368446,0.14035087719298245,0.12903225806451613,0.0371209424253212,0.013216244602637414,0.03966947386528767,0.0,0.0771080966362976,0.07547752664366987,0.016129032258064516,0.9713815112209182,0.03298611111111111
0.0,0.16666666666666666,0.08670520231213875,0.0,0.0,0.0,0.20136986301369858,0.08361581920903954,0.05706267539756779,0.1021276595744681,0.07299270072992697,0.06838905775075987,0.06896551724137928,0.11875000000000002,0.2962962962962963,0.02631578947368421,0.14035087719298245,0.032258064516129004,0.15230266351661864,0.026352258139806274,0.026076616754765723,0.03962793697170704,0.10069963865515495,0.06796066519075324,0.0032258064516129032,0.9715873996294008,0.02777777777777778
0.0,0.0,0.08670520231213875,0.125,0.0,0.0,0.14657534246575338,0.005649717514124297,0.05706267539756779,0.15744680851063833,0.05839416058394159,0.08662613981762918,0.06896551724137928,0.1375,0.05387205387205385,0.21052631578947364,0.22807017543859648,0.12903225806451613,0.15107285025405354,0.002888318356867779,0.009378286738664952,0.20366403774590613,0.0996853931155302,0.12711733511815887,0.02258064516129032,0.973028618488779,0.02777777777777778
0.04999999999999999,0.0,0.04046242774566475,0.0,0.0,0.0,0.1643835616438356,0.053107344632768366,0.025257249766136552,0.27234042553191495,0.2481751824817518,0.15653495440729484,0.13793103448275856,0.14375,0.09427609427609424,0.368421052631579,0.3684210526315789,0.032258064516129004,0.24644810511667048,0.06479752596569027,0.012011450110985197,0.6518835115011171,0.1730544529035561,0.1591927096740977,0.06451612903225806,0.9771463866584311,0.034722222222222224
0.0,0.0,0.04046242774566475,0.0,0.0,0.0,0.5315068493150685,0.08248587570621466,0.0,0.2425531914893617,0.16788321167883208,0.1778115501519757,0.20689655172413784,0.175,0.12794612794612792,0.15789473684210528,0.22807017543859648,0.0,0.3776173986213146,0.0727549889135255,0.005536433474523202,0.6319905766845328,0.21221736649078993,0.09843999382175771,0.012903225806451613,0.9779699402923615,0.023437500000000003
0.04999999999999999,0.0,0.08670520231213875,0.0,0.0,0.0,0.26849315068493146,0.11525423728813558,0.05144995322731524,0.3319148936170213,0.5401459854014599,0.0,0.1896551724137931,0.11875000000000002,0.24242424242424238,0.2894736842105263,0.2982456140350877,0.0,0.30628822939253697,0.1107626327459447,0.010128247882529227,0.7405100566912449,0.2886657266083661,0.0,0.02258064516129032,0.9794111591517397,0.02734375
0.0,0.0,0.17919075144508675,0.0,0.0,0.0,0.4027397260273972,0.11864406779661016,0.16931711880261924,0.17446808510638298,0.16788321167883208,0.022796352583586622,0.20689655172413784,0.16250000000000003,0.36363636363636354,0.13157894736842105,0.22807017543859648,0.09677419354838707,0.2966439043334736,0.155932722604738,0.019533696191796904,0.23316783306517685,0.14914337584792042,0.014724810791329868,0.02258064516129032,0.9808523780111179,0.028645833333333332
0.30000000000000004,0.6666666666666666,0.2716763005780347,0.1875,0.15999999999999998,0.0,0.09452054794520545,0.1231638418079096,0.5191768007483628,0.09361702127659577,0.23357664233576642,0.018237082066869297,0.1896551724137931,0.16875,0.7407407407407407,0.23684210526315788,0.43859649122807015,0.12903225806451613,0.08401566393734426,0.05269722254638815,0.10727613207162809,0.15292158972384817,0.22832288618034813,0.00746537610049941,0.012903225806451613,0.9816759316450483,0.030381944444444448
0.35,0.41666666666666663,0.13294797687861273,0.3125,0.32,0.0,0.2328767123287671,0.2508474576271187,0.45182413470533195,0.14042553191489363,0.18248175182481746,0.0486322188449848,0.31034482758620685,0.29375,0.6734006734006733,0.2894736842105263,0.5087719298245614,0.09677419354838707,0.33567429366646173,0.27538948535418367,0.20081605429899763,0.1018139224221606,0.08286290675140971,0.026720897904546154,0.012903225806451613,0.9824994852789788,0.028645833333333332
0.4,0.41666666666666663,0.08670520231213875,0.3125,0.32,0.0,0.41643835616438357,0.3977401129943503,0.76333021515435,0.1617021276595745,0.3430656934306569,0.2021276595744681,0.3793103448275861,0.45625,0.6094276094276094,0.368421052631579,0.5789473684210527,0.1935483870967742,0.382051199067931,0.35776490839071073,0.7032870027357739,0.11350093937030932,0.15393799112614642,0.17098285537764507,0.01935483870967742,0.9837348157298743,0.019965277777777776
0.55,0.25,0.04046242774566475,0.25,0.6399999999999999,0.16666666666666663,0.33972602739726027,0.4824858757062147,0.8980355472404116,0.1914893617021277,0.7664233576642334,0.21580547112462006,0.5344827586206896,0.575,0.4377104377104376,0.5,0.7368421052631577,0.2258064516129032,0.4918282145053239,0.5956208425720622,0.9123556475695678,0.17754921412049607,0.11759684216717885,0.09179838335993411,0.01935483870967742,0.98497014618077,0.023437500000000003
0.0,0.41666666666666663,0.04046242774566475,0.625,0.6399999999999999,0.0,0.4986301369863014,0.3988700564971751,0.6604303086997194,0.11914893617021277,0.5255474452554745,0.12462006079027357,0.7068965517241379,0.6499999999999999,0.2154882154882155,0.4736842105263158,0.7368421052631577,0.1935483870967742,0.6305382051199068,0.571194130003501,0.4513528725624377,0.12890924465414394,0.08550662200594876,0.05895072851773671,0.02258064516129032,0.9864113650401481,0.02560763888888889
0.65,0.8333333333333334,0.0,0.0,0.48000000000000004,0.0,0.6287671232876713,0.33333333333333326,0.4677268475210476,0.12340425531914898,0.19708029197080285,0.2507598784194529,0.6551724137931034,0.6375,0.1077441077441077,0.39473684210526316,0.631578947368421,0.1935483870967742,0.7441017508657238,0.5339450344264208,0.2952251467856545,0.1007840698588806,0.08233670726298371,0.11249549503166349,0.012903225806451613,0.9872349186740786,0.023437500000000003
0.5,0.5833333333333334,0.00578034682080925,0.0,0.0,0.0,0.20136986301369858,0.21468926553672316,0.5996258185219832,0.1021276595744681,0.16788321167883208,0.07446808510638298,0.5344827586206896,0.5375000000000001,0.1077441077441077,0.26315789473684215,0.43859649122807015,0.09677419354838707,0.28544613094274895,0.26102812463531333,0.22642790640122776,0.18393890638212468,0.18338926521249083,0.08675281882304485,0.012903225806451613,0.988058472308009,0.021701388888888888
0.4,0.33333333333333337,0.023121387283237,0.1875,0.0,0.0,0.1246575342465753,0.2621468926553673,0.4134705332086061,0.1021276595744681,0.16788321167883208,0.16717325227963528,0.5172413793103446,0.46249999999999997,0.24915824915824913,0.23684210526315788,0.3684210526315789,0.12903225806451613,0.2112689731059258,0.17864540786556193,0.23917724584692043,0.09429566968383855,0.13513629520586168,0.13144210472120682,0.0064516129032258064,0.9884702491249742,0.020399305555555556
0.65,0.5833333333333334,0.08670520231213875,0.0,0.15999999999999998,0.0,0.8479452054794521,0.423728813559322,0.4649204864359214,0.08510638297872342,0.16788321167883208,0.11398176291793316,0.6206896551724137,0.6125,0.44107744107744107,0.368421052631579,0.5087719298245614,0.1935483870967742,0.9999999999999999,0.5338575096277278,0.3357109767451687,0.1476834897853761,0.11388324094372525,0.0806260618853936,0.012903225806451613,0.9892938027589047,0.020399305555555556
0.5,0.75,0.08670520231213875,0.0,0.0,0.0,0.6767123287671233,0.4451977401129943,0.4153414405986903,0.13617021276595745,0.37956204379562036,0.1717325227963526,0.5689655172413793,0.66875,0.37710437710437716,0.42105263157894735,0.631578947368421,0.1935483870967742,0.6450370562154115,0.4949819115416034,0.17018685651598536,0.27530624130136516,0.3307537370496901,0.10600834062709158,0.016129032258064516,0.9903232448013176,0.019965277777777776
0.5,0.16666666666666666,0.011560693641618498,0.125,0.0,0.0,0.6520547945205479,0.34350282485875694,0.22825070159027128,0.1276595744680851,0.3576642335766423,0.2689969604863222,0.5172413793103446,0.5375000000000001,0.2222222222222222,0.23684210526315788,0.22807017543859648,0.12903225806451613,0.6545842907537461,0.32498687128019604,0.11458410353990715,0.1492891385102344,0.10380596433607457,0.11898264943623539,0.0032258064516129032,0.9905291332098002,0.016927083333333332
0.4,0.41666666666666663,0.00578034682080925,0.0,0.0,0.0,0.2794520547945205,0.3875706214689265,0.391955098222638,0.09787234042553192,0.3430656934306569,0.23100303951367784,0.5862068965517241,0.6499999999999999,0.14814814814814814,0.3421052631578948,0.3684210526315789,0.1935483870967742,0.49037185669439143,0.638843505659937,0.188264390728247,0.14848631414780522,0.15380286436929985,0.17726406837254804,0.00967741935483871,0.991146798435248,0.014322916666666666
0.5,0.33333333333333337,0.00578034682080925,0.0625,0.0,0.0,0.5027397260273971,0.288135593220339,0.13376987839101961,0.07659574468085109,0.16788321167883208,0.15957446808510642,0.7413793103448275,0.85625,0.023569023569023545,0.2894736842105263,0.3684210526315789,0.2258064516129032,0.8199618110618466,0.5695749212276812,0.06071516415396991,0.11936747969084684,0.23437179570742034,0.16269371363846985,0.0032258064516129032,0.9913526868437307,0.012586805555555556
0.30000000000000004,0.41666666666666663,0.0,0.0,0.0,0.0,0.1835616438356164,0.28474576271186436,0.1908325537885875,0.0,0.37956204379562036,0.2629179331306991,0.4999999999999999,0.5249999999999999,0.24579124579124573,0.02631578947368421,0.22807017543859648,0.032258064516129004,0.2989093498171462,0.4104985996032209,0.09022017470925804,0.03157666150095255,0.13070413758129468,0.3832054780414972,0.0064516129032258064,0.9917644636606958,0.011284722222222224
0.35,0.5,0.01734104046242775,0.0,0.0,0.0,0.1424657534246575,0.1401129943502825,0.37418147801683815,0.28510638297872337,0.39416058394160586,0.34498480243161095,0.48275862068965514,0.325,0.606060606060606,0.368421052631579,0.5789473684210527,0.2258064516129032,0.16770769280559245,0.13928112965340178,0.33099844424559494,0.1711233289572825,0.30244865580671465,0.4027184266076301,0.0064516129032258064,0.9921762404776611,0.011284722222222224
0.5,0.6666666666666666,0.011560693641618498,0.3125,0.0,0.0,0.30821917808219174,0.3039548022598869,0.42843779232927964,0.11063829787234045,0.19708029197080285,0.1474164133738602,0.5517241379310344,0.5687500000000001,0.2727272727272727,0.368421052631579,0.5789473684210527,0.2258064516129032,0.4777177254927344,0.4384408915859494,0.18035433777827412,0.1585018770954868,0.11336657981460609,0.05586160737270246,0.0,0.9921762404776611,0.008680555555555556
0.4,0.6666666666666666,0.0,0.25,0.0,0.0,0.4041095890410958,0.34350282485875694,0.46024321796071094,0.14893617021276598,0.4525547445255474,0.3297872340425532,0.5689655172413793,0.6375,0.24242424242424238,0.368421052631579,0.5087719298245614,0.1935483870967742,0.5799216803132788,0.4188645116116233,0.2797837938980023,0.1223714905223952,0.18758932276059198,0.119548988312825,0.012903225806451613,0.9929997941115914,0.008246527777777778
0.35,0.5833333333333334,0.0,0.4375,0.0,0.0,0.4520547945205479,0.36949152542372876,0.8334892422825069,0.17446808510638298,0.30656934306569344,0.196048632218845,0.5344827586206896,0.6125,0.2154882154882155,0.42105263157894735,0.5789473684210527,0.3225806451612902,0.7215767500566361,0.4025484303886101,0.5126701181981016,0.13986253277925292,0.22301319949955412,0.20465427585851825,0.00967741935483871,0.9936174593370393,0.009114583333333334
0.35,0.25,0.028901734104046246,0.0625,0.0,0.0,0.4712328767123288,0.3355932203389831,0.40411599625818523,0.13191489361702127,0.19708029197080285,0.1975683890577508,0.4655172413793103,0.5562499999999999,0.17845117845117842,0.368421052631579,0.5087719298245614,0.1935483870967742,0.6478526813165475,0.4265739876298285,0.24352309714335732,0.10593004241150013,0.13515696165102642,0.1238222725634557,0.0064516129032258064,0.9940292361540045,0.008680555555555556
0.30000000000000004,0.33333333333333337,0.0,0.125,0.0,0.0,0.4863013698630136,0.4327683615819209,0.49298409728718423,0.1914893617021277,0.3430656934306569,0.27355623100303955,0.5172413793103446,0.5687500000000001,0.037037037037037035,0.3421052631578948,0.43859649122807015,0.12903225806451613,0.7243923751577721,0.6069188353366788,0.32524320923010536,0.16545091419979147,0.17395582785805014,0.08870926221489986,0.0032258064516129032,0.9942351245624871,0.008680555555555556
0.5,0.5833333333333334,0.0,0.125,0.0,0.0,0.20410958904109588,0.2519774011299435,0.5668849391955098,0.13617021276595745,0.27737226277372257,0.16717325227963528,0.4655172413793103,0.46875000000000006,0.2289562289562289,0.368421052631579,0.5087719298245614,0.2258064516129032,0.3133434738988317,0.29202649083907106,0.378968795882306,0.14014220520059095,0.19009155235207992,0.08335478556350719,0.0032258064516129032,0.9944410129709697,0.008246527777777778
0.30000000000000004,0.33333333333333337,0.00578034682080925,0.375,0.15999999999999998,0.0,0.18767123287671234,0.19435028248587569,0.1917680074836295,0.08510638297872342,0.16788321167883208,0.15653495440729484,0.4999999999999999,0.40625000000000006,0.23569023569023567,0.3157894736842105,0.5087719298245614,0.2258064516129032,0.1920774135085278,0.17926537518963706,0.14266464061469658,0.07774564286818876,0.13661474089841807,0.067909179838336,0.0032258064516129032,0.9946469013794523,0.007378472222222222
0.30000000000000004,0.16666666666666666,0.00578034682080925,0.3125,0.32,0.0,0.26712328767123283,0.3774011299435027,0.7605238540692234,0.3148936170212766,0.7007299270072991,0.10030395136778117,0.4999999999999999,0.4875,0.13804713804713803,0.42105263157894735,0.5789473684210527,0.3548387096774193,0.37396032234052884,0.3255630762049247,0.46371289616282463,0.11316204220092325,0.20568518009217235,0.08783401122380684,0.0064516129032258064,0.9950586781964175,0.008680555555555556
0.35,0.33333333333333337,0.0,0.1875,0.15999999999999998,0.0,0.436986301369863,0.3039548022598869,0.45182413470533195,0.08510638297872342,0.2481751824817518,0.20516717325227968,0.4482758620689655,0.53125,0.1077441077441077,0.39473684210526316,0.5789473684210527,0.2903225806451613,0.47522573546069447,0.23250962772785622,0.2799784518206552,0.12749114096477115,0.14278287991682553,0.11728363280646657,0.012903225806451613,0.9958822318303479,0.008680555555555556
0.19999999999999998,1.0000000000000002,0.0,0.0625,0.0,0.16666666666666663,0.28219178082191776,0.28248587570621464,0.21421889616463985,0.10638297872340427,0.18248175182481746,0.46656534954407297,0.4655172413793103,0.5625,0.023569023569023545,0.2894736842105263,0.3684210526315789,0.3225806451612902,0.45554872325965245,0.26720591667639165,0.07564799208089319,0.11047389669229783,0.17204020736393139,0.24666632343098388,0.0,0.9958822318303479,0.006944444444444445
0.30000000000000004,0.41666666666666663,0.0,0.3125,0.0,0.0,0.34383561643835614,0.4824858757062147,0.8980355472404116,0.1617021276595745,0.7445255474452555,0.21732522796352588,0.5689655172413793,0.6937500000000001,0.13468013468013468,0.39473684210526316,0.5789473684210527,0.1935483870967742,0.581798763714036,0.7056832769284631,0.8915891178676358,0.2375767865309762,0.458900004610207,0.14266591154816455,0.0064516129032258064,0.9962940086473131,0.006944444444444445
0.4,0.08333333333333334,0.0,0.1875,0.15999999999999998,0.0,0.5356164383561643,0.4214689265536723,0.6323666978484566,0.1702127659574468,0.751824817518248,0.37386018237082064,0.5862068965517241,0.6375,0.18518518518518517,0.39473684210526316,0.5789473684210527,0.3548387096774193,0.8245574290430112,0.6050443458980044,0.4871488046645471,0.12799126105939918,0.22689054255777463,0.21443649281779337,0.0,0.9962940086473131,0.006076388888888889
0.30000000000000004,0.5833333333333334,0.0,0.125,0.15999999999999998,0.0,0.32328767123287666,0.2621468926553673,0.7502338634237604,0.1276595744680851,0.37956204379562036,0.1291793313069909,0.5689655172413793,0.58125,0.2154882154882155,0.39473684210526316,0.6666666666666665,0.3225806451612902,0.3069031360238195,0.2992254055315673,0.6810190417699689,0.16644128359770605,0.3761642759828882,0.07609535087267673,0.00967741935483871,0.9969116738727609,0.007378472222222222
0.19999999999999998,0.16666666666666666,0.0,0.125,0.0,0.0,0.22602739726027393,0.16271186440677968,0.45182413470533195,0.1021276595744681,0.3430656934306569,0.12462006079027357,0.4655172413793103,0.40625000000000006,0.19191919191919188,0.39473684210526316,0.6666666666666665,0.3548387096774193,0.16518333926664297,0.12509481853191737,0.3058800273426478,0.18732129754842447,0.3076931636989122,0.08706173093754827,0.0,0.9969116738727609,0.006944444444444445
0.19999999999999998,0.6666666666666666,0.011560693641618498,0.1875,0.48000000000000004,0.0,0.5753424657534245,0.2790960451977401,0.6323666978484566,0.1446808510638298,0.3576642335766423,0.14589665653495443,0.39655172413793094,0.5249999999999999,0.12457912457912457,0.368421052631579,0.631578947368421,0.41935483870967744,0.5323149616492443,0.24959155093943286,0.32659374287951887,0.12151931220325933,0.1370852999575543,0.11630541111053903,0.0,0.9969116738727609,0.005642361111111112
0.24999999999999997,0.33333333333333337,0.0,0.0,0.6399999999999999,0.0,0.4534246575342465,0.3864406779661017,0.7970065481758652,0.4255319148936171,0.2627737226277372,0.11550151975683892,0.5344827586206896,0.6937500000000001,0.13468013468013468,0.42105263157894735,0.7017543859649122,0.2258064516129032,0.5480759895142238,0.5227053915275995,0.42533510587731127,0.20743138977451825,0.17290819806085156,0.08258250527724863,0.0,0.9969116738727609,0.0030381944444444445
0.35,0.25,0.0,0.0625,0.0,0.0,0.37808219178082186,0.35819209039548017,0.82600561272217,0.09361702127659577,0.37956204379562036,0.3297872340425532,0.4999999999999999,0.5687500000000001,0.13804713804713803,0.368421052631579,0.631578947368421,0.1935483870967742,0.540697109938833,0.535075563076205,0.4560729499427344,0.10007337288230399,0.18805034346042138,0.14117283632806465,0.0032258064516129032,0.9971175622812435,0.00390625
0.19999999999999998,0.16666666666666666,0.0,0.0,0.0,0.0,0.3013698630136986,0.2519774011299435,0.45182413470533195,0.1021276595744681,0.21897810218978103,0.2325227963525836,0.31034482758620685,0.29375,0.037037037037037035,0.2894736842105263,0.5789473684210527,0.12903225806451613,0.42305576232240527,0.21423882600070016,0.10460222634340374,0.24619398737196763,0.3483710866893786,0.14714513720846417,0.0,0.9971175622812435,0.0026041666666666665
0.24999999999999997,0.41666666666666663,0.0,0.0,0.0,0.0,0.25479452054794516,0.3355932203389831,0.8521983161833488,0.08510638297872342,0.2481751824817518,0.29179331306990886,0.3275862068965517,0.34375000000000006,0.08417508417508418,0.21052631578947364,0.43859649122807015,0.1935483870967742,0.3160620084792388,0.25361769167930914,0.4296643584361576,0.20878039792450165,0.38531633173777774,0.11182618545023941,0.0,0.9971175622812435,0.0026041666666666665
0.35,0.5,0.0,0.0,0.0,0.0,0.1246575342465753,0.08022598870056497,0.7502338634237604,0.12340425531914898,0.2627737226277372,0.47416413373860183,0.2241379310344827,0.20625,0.0572390572390572,0.10526315789473681,0.22807017543859648,0.12903225806451613,0.1269296740994854,0.06085161629128253,0.1460794536299176,0.17317974382006207,0.31483262564006365,0.18699479997940588,0.0032258064516129032,0.9973234506897262,0.0013020833333333333
0.19999999999999998,0.33333333333333337,0.04046242774566475,0.0,0.0,0.0,0.042465753424657526,0.0,0.2516370439663237,0.13191489361702127,0.3430656934306569,0.15957446808510642,0.1206896551724137,0.07500000000000001,0.05387205387205385,0.02631578947368421,0.22807017543859648,0.09677419354838707,0.05388523900449853,0.004843038861010618,0.03539001751921304,0.07465279491456832,0.20586005001279728,0.07516861452916646,0.0,0.9973234506897262,0.0013020833333333333
0.15,0.25,0.034682080924855495,0.0,0.0,0.0,0.2506849315068493,0.055367231638418085,0.39663236669784846,0.15319148936170215,0.3576642335766423,0.06382978723404256,0.20689655172413784,0.11875000000000002,0.006734006734006703,0.02631578947368421,0.22807017543859648,0.09677419354838707,0.23240234311790026,0.055986696230598675,0.08392472623400297,0.2297689905799748,0.44081686509103574,0.026669412552128915,0.0032258064516129032,0.9975293390982087,0.0017361111111111112
0.04999999999999999,0.5,0.00578034682080925,0.0,0.0,0.0,0.35890410958904106,0.27118644067796605,0.38727782974742747,0.16595744680851063,0.23357664233576642,0.39969604863221886,0.2413793103448275,0.15000000000000002,0.06060606060606055,0.052631578947368446,0.2982456140350877,0.09677419354838707,0.34709861160555366,0.16855817481619792,0.19488426907459025,0.28440711091808235,0.5145992537823568,0.09725583071616124,0.0032258064516129032,0.9977352275066913,0.0026041666666666665
0.15,0.41666666666666663,0.0,0.0,0.0,0.0,0.33972602739726027,0.25762711864406784,0.8063610851262861,0.1276595744680851,0.41605839416058393,0.2021276595744681,0.3275862068965517,0.29375,0.04040404040404039,0.07894736842105263,0.3684210526315789,0.12903225806451613,0.4284604679763099,0.16566256272610574,0.5374278898024902,0.272384487064328,0.516845537399112,0.060546774442671064,0.0032258064516129032,0.9979411159151739,0.0026041666666666665
0.24999999999999997,0.5833333333333334,0.01734104046242775,0.0625,0.0,0.0,0.458904109589041,0.32090395480225986,0.6632366697848457,0.11489361702127662,0.39416058394160586,0.12613981762917933,0.39655172413793094,0.40625000000000006,0.16161616161616155,0.3157894736842105,0.6666666666666665,0.1935483870967742,0.4201430467005405,0.31927587816548025,0.49773125436659976,0.37047383088702224,0.5483094052991944,0.09416670957112702,0.0,0.9979411159151739,0.0026041666666666665
0.30000000000000004,0.0,0.011560693641618498,0.1875,0.0,0.0,0.6219178082191781,0.3152542372881355,0.6202057998129091,0.08936170212765959,0.32116788321167883,0.30395136778115506,0.4137931034482758,0.46249999999999997,0.37710437710437716,0.39473684210526316,0.7017543859649122,0.2258064516129032,0.5464254506618337,0.3250962772785623,0.34471654637611837,0.12515834394443404,0.2220227998581964,0.13684806672501676,0.0,0.9979411159151739,0.0026041666666666665
0.35,0.33333333333333337,0.00578034682080925,0.0,0.0,0.0,0.27671232876712326,0.3265536723163841,0.31898971000935444,0.07234042553191491,0.23357664233576642,0.12006079027355623,0.4482758620689655,0.43750000000000006,0.14814814814814814,0.2894736842105263,0.5789473684210527,0.1935483870967742,0.24728955629632027,0.22850536818765316,0.21886039103607816,0.0676938870189223,0.1282909326766703,0.05416259074293363,0.0,0.9979411159151739,0.0017361111111111112
0.15,0.16666666666666666,0.0,0.0,0.0,0.0,0.13150684931506845,0.012429378531073426,0.30869971936389146,0.1446808510638298,0.7080291970802919,0.16717325227963528,0.17241379310344823,0.125,0.05387205387205385,0.0,0.14035087719298245,0.09677419354838707,0.11786789216479497,0.015900338429221617,0.042654228679298814,0.03607445208882397,0.17311009333284583,0.04365957884981723,0.0,0.9979411159151739,0.0017361111111111112
0.15,0.5,0.0,0.0,0.0,0.0,0.5095890410958903,0.3966101694915254,0.8886810102899905,0.08936170212765959,0.30656934306569344,0.07446808510638298,0.39655172413793094,0.35625,0.12121212121212122,0.15789473684210528,0.5087719298245614,0.12903225806451613,0.5779475063917926,0.44900221729490025,0.5119759891715874,0.20631928061672705,0.3677514430742768,0.04350512279256551,0.0032258064516129032,0.9981470043236566,0.0017361111111111112
0.24999999999999997,0.33333333333333337,0.0,0.0625,0.0,0.0,0.3931506849315068,0.2734463276836159,0.9354536950420953,0.1446808510638298,0.41605839416058393,0.08662613981762918,0.3793103448275861,0.38125000000000003,0.07407407407407401,0.18421052631578946,0.3684210526315789,0.2258064516129032,0.4093983624065505,0.18805432372505543,0.4819096394905094,0.10852935079805352,0.17734830431817422,0.07794882355969726,0.0,0.9981470043236566,0.0013020833333333333
0.19999999999999998,0.08333333333333334,0.0,0.0,0.32,0.0,0.22876712328767118,0.2734463276836159,0.6800748362956033,0.14042553191489363,0.16788321167883208,0.09574468085106383,0.27586206896551724,0.29375,0.06397306397306396,0.21052631578947364,0.43859649122807015,0.12903225806451613,0.26631929835917023,0.16402147275061268,0.3531713397142905,0.16182833377751893,0.1663664733029272,0.1177470009782217,0.0064516129032258064,0.9985587811406217,0.0017361111111111112
0.15,0.25,0.04046242774566475,0.0,0.0,0.0,0.28219178082191776,0.111864406779661,0.715622076707203,0.27234042553191495,0.21897810218978103,0.196048632218845,0.15517241379310343,0.175,0.07744107744107737,0.02631578947368421,0.14035087719298245,0.12903225806451613,0.17767565293375193,0.057926829268292686,0.1286492701836877,0.13738496415257612,0.22171280318072495,0.07460227565257685,0.0032258064516129032,0.9987646695491043,0.0026041666666666665
0.19999999999999998,0.16666666666666666,0.00578034682080925,0.0,0.0,0.0,0.14657534246575338,0.03389830508474573,0.24508886810102898,0.4042553191489362,0.2481751824817518,0.21276595744680854,0.1896551724137931,0.11875000000000002,0.0,0.02631578947368421,0.14035087719298245,0.12903225806451613,0.17738438137156542,0.031020247403430977,0.030232337056983468,0.1410042543110681,0.1849217616077859,0.08855480615764816,0.0,0.9987646695491043,0.0026041666666666665
0.15,0.08333333333333334,0.01734104046242775,0.0,0.0,0.0,0.06712328767123285,0.03389830508474573,0.05706267539756779,0.15319148936170215,0.0,0.022796352583586622,0.1206896551724137,0.08124999999999999,0.13468013468013468,0.02631578947368421,0.14035087719298245,0.09677419354838707,0.08654001747629374,0.020692321157661335,0.01807602523611704,0.08249678376715465,0.08331756854503457,0.014982237553416052,0.0032258064516129032,0.9989705579575868,0.0030381944444444445
0.19999999999999998,0.0,0.31791907514450873,0.0,0.0,0.0,0.0095890410958904,0.02372881355932202,0.08044901777362018,0.08085106382978724,0.05839416058394159,0.06382978723404256,0.0,0.0,0.2727272727272727,0.02631578947368421,0.14035087719298245,0.09677419354838707,0.03097187611249555,0.0,0.0,0.07872943173854248,0.1187144199326274,0.011326777531792207,0.0,0.9989705579575868,0.0030381944444444445
0.19999999999999998,0.75,0.023121387283237,0.0625,0.0,0.0,0.6479452054794521,0.3231638418079096,0.28063610851262855,0.13617021276595745,0.21897810218978103,0.05471124620060792,0.1896551724137931,0.35000000000000003,0.37710437710437716,0.23684210526315788,0.5087719298245614,0.1935483870967742,0.8817761092591994,0.4438090792391178,0.16738016088703658,0.1311762363988721,0.17498915011628852,0.019101065746795036,0.0,0.9989705579575868,0.0026041666666666665
0.4,0.08333333333333334,0.028901734104046246,0.1875,0.48000000000000004,0.0,0.5739726027397261,0.20790960451977394,0.3797942001870907,0.12340425531914898,0.32116788321167883,0.14437689969604867,0.4482758620689655,0.49374999999999997,0.19191919191919188,0.2894736842105263,0.43859649122807015,0.2258064516129032,0.5449043658370821,0.2441504259540203,0.13162648011697586,0.05428277184981921,0.0641740814162556,0.06379035164495701,0.0,0.9989705579575868,0.0026041666666666665
0.35,0.5,0.034682080924855495,0.0625,0.0,0.0,0.3972602739726027,0.2903954802259887,0.3564078578110383,0.2978723404255319,0.6861313868613137,0.2674772036474164,0.48275862068965514,0.53125,0.4107744107744108,0.2894736842105263,0.5087719298245614,0.1935483870967742,0.3846726431276093,0.3212451861360719,0.1976290966816106,0.14024420337778482,0.13892143412411634,0.12124800494259382,0.0,0.9989705579575868,0.0013020833333333333
0.55,0.6666666666666666,0.08670520231213875,0.4375,0.0,0.0,0.23013698630136986,0.3762711864406779,0.6922357343311505,0.22553191489361704,0.2627737226277372,0.1975683890577508,0.5517241379310344,0.6937500000000001,0.404040404040404,0.368421052631579,0.6666666666666665,0.1935483870967742,0.4014693032136962,0.5717849223946785,0.2612897822698321,0.1750946773402824,0.060179098593250976,0.12521237707872107,0.0064516129032258064,0.9993823347745522,0.0017361111111111112
0.7000000000000001,0.25,0.01734104046242775,0.375,0.15999999999999998,0.0,0.4986301369863014,0.32881355932203393,0.8886810102899905,0.2978723404255319,0.4306569343065693,0.16717325227963528,0.6206896551724137,0.6812499999999999,0.3535353535353535,0.39473684210526316,0.7017543859649122,0.2258064516129032,0.4651606848118063,0.4706864861710818,0.5299961822903544,0.26778798856304314,0.20568041091251899,0.12222622663852135,0.0,0.9993823347745522,0.0017361111111111112
0.30000000000000004,0.08333333333333334,0.08670520231213875,0.0,0.0,0.0,0.17260273972602735,0.19999999999999998,0.6445275958840038,0.10638297872340427,0.27737226277372257,0.20060790273556234,0.3793103448275861,0.35000000000000003,0.42087542087542085,0.26315789473684215,0.43859649122807015,0.12903225806451613,0.18657561733389433,0.1690833236083557,0.22339939127902333,0.08046998127839909,0.2531401073701313,0.07506564382433198,0.0032258064516129032,0.9995882231830348,0.0017361111111111112
0.24999999999999997,0.6666666666666666,0.0,0.0,0.0,0.0,0.14383561643835613,0.3728813559322033,0.8110383536014967,0.1446808510638298,0.3430656934306569,0.15653495440729484,0.4137931034482758,0.28750000000000003,0.2727272727272727,0.2894736842105263,0.5789473684210527,0.1935483870967742,0.19078287323214344,0.16358384875714785,0.8802612339501528,0.32495961201209506,0.613243376006893,0.060237862328167635,0.0032258064516129032,0.9997941115915173,0.0026041666666666665
0.55,0.5,0.04046242774566475,0.375,0.0,0.0,0.2561643835616438,0.3401129943502824,0.6557530402245089,0.1021276595744681,0.37956204379562036,0.2674772036474164,0.48275862068965514,0.425,0.39057239057239057,0.42105263157894735,0.7368421052631577,0.2903225806451613,0.19107414479432994,0.17377319407165365,0.5559867874048781,0.14555139885564627,0.2797076174927151,0.149925346238995,0.0,0.9997941115915173,0.0026041666666666665
0.30000000000000004,0.16666666666666666,0.023121387283237,0.25,0.0,0.0,0.2246575342465753,0.2384180790960452,0.548175865294668,0.11063829787234045,0.23357664233576642,0.37386018237082064,0.5172413793103446,0.41250000000000003,0.31313131313131304,0.368421052631579,0.7017543859649122,0.2903225806451613,0.25220880934658085,0.20305753296767418,0.2592375747131814,0.060323696150720404,0.13785313788175296,0.24285640735210828,0.0,0.9997941115915173,0.0026041666666666665
0.30000000000000004,0.41666666666666663,0.01734104046242775,0.0625,0.0,0.0,0.4520547945205479,0.327683615819209,0.5341440598690366,0.25531914893617025,0.1532846715328467,0.3130699088145897,0.4655172413793103,0.51875,0.2727272727272727,0.2894736842105263,0.5087719298245614,0.41935483870967744,0.40017476293731186,0.3008810829735092,0.28994523925571264,0.1451565672019926,0.17631975123958926,0.27034958554291305,0.0,0.9997941115915173,0.0026041666666666665
0.19999999999999998,0.16666666666666666,0.028901734104046246,0.0,0.0,0.0,0.4410958904109589,0.20564971751412428,0.27408793264733394,0.2595744680851064,0.3576642335766423,0.15197568389057753,0.293103448275862,0.325,0.09764309764309764,0.13157894736842105,0.2982456140350877,0.1935483870967742,0.3407553642512703,0.13735558408215662,0.0647305496747402,0.14167875838605987,0.24264632240608297,0.07434484889049066,0.0,0.9997941115915173,0.0013020833333333333
0.19999999999999998,0.25,0.0,0.0,0.0,0.0,0.1246575342465753,0.18192090395480223,0.22450888681010284,0.13617021276595745,0.1532846715328467,0.21124620060790272,0.2241379310344827,0.275,0.265993265993266,0.13157894736842105,0.2982456140350877,0.12903225806451613,0.1528852066409916,0.14672803127552805,0.088367152003694,0.17739457172281503,0.1836579289996328,0.0807290325902281,0.0,0.9997941115915173,0.0013020833333333333
0.75,0.16666666666666666,0.5953757225433527,0.1875,0.15999999999999998,0.0,0.1013698630136986,0.22372881355932203,0.36482694106641717,0.14893617021276598,0.23357664233576642,0.09422492401215807,0.3275862068965517,0.23125,1.0,0.6052631578947368,0.7017543859649122,0.09677419354838707,0.06446810576394059,0.1567496207258723,0.07128403307072119,0.12512873157041,0.04582386783649346,0.036709056273490186,0.0,0.9997941115915173,0.0004340277777777778
0.55,0.16666666666666666,0.300578034682081,0.625,0.48000000000000004,0.0,0.05616438356164383,0.135593220338983,0.3564078578110383,0.18297872340425533,0.19708029197080285,0.12006079027355623,0.2413793103448275,0.175,0.8013468013468014,0.5,0.631578947368421,0.1935483870967742,0.049775073626978236,0.0828495156961139,0.08857237275935907,0.06840787425927937,0.0,0.04541008083200329,0.0,0.9997941115915173,0.0
0.30000000000000004,0.16666666666666666,0.1502890173410405,0.1875,0.0,0.0,0.18767123287671234,0.14350282485875707,0.1917680074836295,0.1276595744680851,0.16788321167883208,0.20060790273556234,0.293103448275862,0.29375,0.37710437710437716,0.2894736842105263,0.43859649122807015,0.12903225806451613,0.154503381986472,0.1320311588283347,0.03426583029148893,0.09361458508128599,0.10648306384818747,0.11259846573649797,0.0032258064516129032,0.9999999999999999,0.0004340277777777778
0.30000000000000004,0.16666666666666666,0.011560693641618498,0.1875,0.0,0.0,0.15342465753424656,0.16384180790960448,0.21421889616463985,0.16595744680851063,0.21897810218978103,0.20516717325227968,0.3275862068965517,0.3875,0.29966329966329963,0.368421052631579,0.5789473684210527,0.12903225806451613,0.18065309556943593,0.18838983545337845,0.08971768565310752,0.2635172261760226,0.21904842148102105,0.10966380064871543,0.0,0.9999999999999999,0.0004340277777777778
0.55,0.16666666666666666,0.052023121387283246,0.125,0.32,0.0,0.30958904109589036,0.26892655367231644,0.9260991580916744,0.23829787234042557,0.18248175182481746,0.46352583586626134,0.4482758620689655,0.4875,0.48484848484848486,0.39473684210526316,0.5789473684210527,0.2258064516129032,0.2410110359558562,0.34536556190920764,0.3088014051585859,0.15077304747521614,0.10573430264260243,0.3819698295834835,0.0,0.9999999999999999,0.0004340277777777778
0.4,0.16666666666666666,0.028901734104046246,0.0,0.15999999999999998,0.0,0.521917808219178,0.41581920903954805,1.0,0.20851063829787234,0.4306569343065693,0.39057750759878423,0.4482758620689655,0.58125,0.45791245791245794,0.39473684210526316,0.6666666666666665,0.2903225806451613,0.3678436195346128,0.3803098377873731,0.4927787946600353,0.22375109812553673,0.15040243927642005,0.2641713432528445,0.0,0.9999999999999999,0.0004340277777777778
0.7000000000000001,0.41666666666666663,0.034682080924855495,0.5625,0.32,0.0,0.33150684931506846,0.447457627118644,0.646398503274088,0.18297872340425533,0.6496350364963503,0.3130699088145897,0.6379310344827585,0.64375,0.8080808080808081,0.4736842105263158,0.7368421052631577,0.2258064516129032,0.33696883394284605,0.5251706733574513,0.35077659457281646,0.2538932046182143,0.3482041654015093,0.26329609226175155,0.0,0.9999999999999999,0.0004340277777777778
0.4,0.08333333333333334,0.0809248554913295,0.4375,0.15999999999999998,0.0,0.15342465753424656,0.22485875706214684,0.7876520112254444,0.1276595744680851,0.2627737226277372,0.36322188449848025,0.34482758620689646,0.35000000000000003,0.8619528619528619,0.3157894736842105,0.5087719298245614,0.1935483870967742,0.12372568691543416,0.1696668222663088,0.12561321018076027,0.05792509385477433,0.10184583149852393,0.2990784121917314,0.0,0.9999999999999999,0.0004340277777777778
0.55,0.25,0.6416184971098267,0.4375,0.0,0.0,0.0,0.1175141242937853,0.23760523854069227,0.08936170212765959,0.16788321167883208,0.1474164133738602,0.1896551724137931,0.11875000000000002,0.9292929292929292,0.23684210526315788,0.22807017543859648,0.09677419354838707,0.0,0.07230277745361188,0.04000295759324342,0.04009515442853055,0.04678883185303297,0.07331514184214591,0.0,0.9999999999999999,0.0004340277777777778
